Date,Counts
17/04/2015,77
9/12/2015,67
29/04/2016,67
4/12/2015,66
18/12/2014,64
9/04/2014,64
18/03/2016,63
10/03/2016,63
30/04/2014,61
31/07/2015,61
22/01/2016,61
13/05/2014,61
26/03/2014,60
21/04/2017,59
6/05/2016,59
5/02/2016,59
25/10/2014,58
2/06/2016,58
22/10/2015,58
21/11/2014,58
1/08/2016,58
24/11/2017,57
7/05/2016,57
18/12/2015,57
24/11/2015,57
4/12/2013,57
8/03/2014,57
29/01/2016,57
2/05/2014,57
4/06/2016,56
20/05/2015,56
20/10/2014,56
22/11/2016,56
27/02/2017,56
16/05/2015,56
17/12/2014,56
23/06/2017,56
27/03/2014,55
3/06/2016,55
5/02/2014,55
8/04/2014,55
5/02/2015,55
18/05/2015,55
16/07/2014,55
13/01/2015,55
21/04/2016,54
17/12/2015,54
25/03/2015,54
16/07/2016,54
3/03/2016,54
20/10/2015,54
15/08/2014,54
22/07/2016,54
7/03/2014,54
8/10/2016,54
22/03/2016,54
15/04/2016,54
14/10/2015,54
13/10/2016,54
19/05/2015,53
8/10/2013,53
20/11/2014,53
27/01/2016,53
12/10/2013,53
12/01/2015,53
16/11/2016,53
24/01/2014,53
21/03/2014,53
23/02/2016,53
30/08/2014,53
14/04/2015,53
20/11/2016,53
3/04/2015,53
15/04/2015,53
7/04/2017,53
5/09/2014,53
9/02/2016,53
19/02/2014,53
28/05/2015,53
4/03/2015,53
1/03/2014,53
8/11/2013,52
1/03/2016,52
12/06/2015,52
20/05/2014,52
29/07/2016,52
10/12/2015,52
16/02/2016,52
14/10/2016,52
25/06/2014,52
24/07/2015,52
13/07/2016,52
10/07/2013,52
6/03/2018,52
13/05/2016,52
10/10/2013,52
6/05/2014,52
9/10/2015,52
6/02/2015,52
1/10/2015,52
15/12/2015,52
29/04/2014,51
20/02/2014,51
20/09/2013,51
1/08/2013,51
9/09/2016,51
29/10/2015,51
7/12/2015,51
31/10/2014,51
8/05/2014,51
6/04/2016,51
23/11/2017,51
11/12/2016,51
8/12/2015,51
19/08/2013,51
21/03/2017,51
27/02/2018,51
11/12/2015,51
9/12/2013,51
19/03/2015,51
20/12/2014,51
25/05/2016,51
19/04/2016,51
17/11/2015,51
29/03/2014,50
18/09/2014,50
11/11/2014,50
14/03/2017,50
6/05/2015,50
23/07/2015,50
28/10/2016,50
14/02/2014,50
12/02/2015,50
10/02/2014,50
26/02/2016,50
15/11/2017,50
5/12/2013,50
31/05/2016,50
24/04/2015,50
4/10/2014,50
19/10/2013,50
6/03/2015,50
20/03/2015,50
4/10/2013,49
11/03/2016,49
18/02/2016,49
18/04/2015,49
28/11/2013,49
13/10/2015,49
24/02/2016,49
23/06/2016,49
19/12/2013,49
27/02/2015,49
17/11/2016,49
21/11/2016,49
3/03/2015,49
4/03/2016,49
22/12/2015,49
20/01/2016,49
9/10/2014,49
27/11/2015,49
21/03/2016,49
29/04/2015,49
16/10/2013,49
16/09/2013,49
13/12/2013,48
15/06/2016,48
5/05/2017,48
10/02/2015,48
14/03/2014,48
11/04/2015,48
17/07/2015,48
27/08/2014,48
11/07/2014,48
2/04/2014,48
28/10/2014,48
26/02/2015,48
19/07/2013,48
14/05/2016,48
21/10/2014,48
16/05/2016,48
28/03/2018,48
16/11/2017,48
13/03/2014,48
18/11/2017,48
1/03/2017,48
9/01/2015,48
13/06/2014,48
4/06/2015,48
2/03/2017,48
1/02/2014,48
1/05/2015,48
14/05/2015,48
24/09/2014,47
18/05/2016,47
23/02/2017,47
2/02/2016,47
30/01/2014,47
11/02/2015,47
21/03/2015,47
6/06/2014,47
4/05/2017,47
8/04/2016,47
11/09/2015,47
11/02/2016,47
26/07/2014,47
3/12/2013,47
26/01/2014,47
29/09/2013,47
16/03/2017,47
17/06/2016,47
24/08/2016,47
8/05/2015,47
30/07/2016,47
23/01/2014,47
12/02/2016,47
12/04/2016,47
7/04/2016,47
8/01/2015,47
7/08/2013,47
5/05/2016,47
27/06/2014,47
2/11/2013,47
14/12/2015,47
6/03/2017,47
18/06/2015,47
5/09/2013,47
28/03/2015,47
14/05/2014,47
9/04/2015,47
9/04/2017,47
6/11/2013,47
17/08/2016,47
22/07/2014,46
26/06/2015,46
30/10/2015,46
13/12/2015,46
12/12/2014,46
22/01/2015,46
6/03/2016,46
20/12/2013,46
10/02/2017,46
30/11/2015,46
11/03/2015,46
28/03/2014,46
4/02/2016,46
16/04/2015,46
10/11/2014,46
15/12/2014,46
23/04/2016,46
7/03/2015,46
11/06/2014,46
29/07/2015,46
10/04/2014,46
11/04/2017,46
30/05/2014,46
19/06/2015,46
14/12/2013,46
2/03/2016,46
21/07/2015,46
20/04/2016,46
8/03/2018,46
12/01/2018,46
15/03/2015,46
5/03/2017,46
20/09/2017,46
26/07/2013,46
8/03/2016,46
20/02/2016,46
17/02/2016,46
5/11/2015,46
22/10/2014,46
26/02/2018,46
19/05/2014,46
3/03/2014,46
11/10/2014,46
11/05/2016,46
22/12/2016,46
9/03/2017,46
14/11/2015,46
22/06/2015,46
5/03/2015,46
3/09/2013,46
8/02/2017,46
18/02/2014,46
20/03/2014,46
25/08/2016,46
22/05/2017,46
30/05/2016,46
27/12/2016,46
5/08/2016,46
29/08/2015,46
24/10/2014,45
7/02/2017,45
29/11/2016,45
25/10/2018,45
9/05/2015,45
28/09/2016,45
9/11/2015,45
16/12/2016,45
20/03/2017,45
20/06/2017,45
12/09/2014,45
17/01/2014,45
21/07/2016,45
21/05/2014,45
17/07/2018,45
22/05/2014,45
25/05/2015,45
30/03/2015,45
11/11/2016,45
19/03/2014,45
10/03/2017,45
6/07/2013,45
18/10/2017,45
14/02/2015,45
3/07/2014,45
26/10/2014,45
17/07/2016,45
12/11/2013,45
24/04/2016,45
3/08/2016,45
24/08/2018,45
21/07/2017,45
13/01/2017,45
5/06/2014,45
2/03/2018,45
15/02/2016,45
30/04/2015,45
16/10/2015,45
4/06/2014,45
7/07/2016,45
27/08/2015,45
13/11/2014,45
25/11/2016,45
25/02/2016,45
7/02/2016,45
15/10/2015,45
14/03/2015,45
6/08/2015,45
8/11/2016,45
1/12/2017,45
20/07/2015,45
8/09/2016,45
23/11/2016,45
7/06/2016,45
31/03/2015,45
26/11/2014,45
15/02/2015,45
21/04/2015,45
12/09/2016,45
27/11/2014,44
28/02/2017,44
18/10/2014,44
6/03/2014,44
19/02/2017,44
19/12/2017,44
29/11/2017,44
27/11/2013,44
1/02/2016,44
11/09/2013,44
9/10/2013,44
3/02/2017,44
17/05/2018,44
12/11/2014,44
17/06/2015,44
29/01/2014,44
3/06/2015,44
30/03/2014,44
7/01/2015,44
5/04/2014,44
15/05/2014,44
10/04/2016,44
23/03/2015,44
6/09/2013,44
14/11/2014,44
4/12/2016,44
25/02/2015,44
5/12/2015,44
15/02/2014,44
13/12/2014,44
28/01/2015,44
20/10/2013,44
3/05/2015,44
23/12/2014,44
25/04/2015,44
26/08/2016,44
1/09/2016,44
4/05/2016,44
21/06/2016,44
18/11/2013,44
21/05/2016,44
18/11/2014,44
4/03/2017,44
6/01/2016,44
23/02/2018,44
25/10/2015,44
19/07/2016,44
27/03/2017,44
19/10/2016,44
18/05/2014,44
11/10/2013,44
20/12/2017,44
7/04/2015,44
23/11/2014,44
23/06/2014,44
2/12/2015,43
7/11/2014,43
26/11/2015,43
25/11/2014,43
1/07/2015,43
23/08/2014,43
16/12/2015,43
21/06/2014,43
14/12/2017,43
17/04/2014,43
23/11/2013,43
11/06/2015,43
9/04/2016,43
26/12/2015,43
20/05/2017,43
9/07/2014,43
5/10/2013,43
20/04/2018,43
1/09/2015,43
28/07/2014,43
23/02/2014,43
6/11/2014,43
6/01/2015,43
7/02/2014,43
11/01/2017,43
4/04/2016,43
26/05/2016,43
25/07/2014,43
31/08/2016,43
11/02/2014,43
17/06/2017,43
31/10/2013,43
17/10/2014,43
13/02/2015,43
6/10/2015,43
8/05/2018,43
10/08/2016,43
28/11/2014,43
7/12/2014,43
30/09/2015,43
26/11/2016,43
17/03/2017,43
31/03/2014,43
19/11/2016,43
14/11/2013,43
12/02/2014,43
1/12/2015,43
5/11/2013,43
17/11/2013,43
7/03/2018,43
4/12/2014,43
21/06/2018,43
16/02/2015,43
2/12/2017,43
4/09/2014,43
8/07/2015,43
24/03/2015,43
1/08/2014,43
15/12/2016,43
4/07/2015,43
23/05/2016,43
4/11/2015,43
9/05/2016,43
27/08/2016,43
28/05/2016,43
13/11/2015,43
20/02/2015,43
27/11/2017,42
23/05/2014,42
25/10/2016,42
30/07/2015,42
17/05/2015,42
28/02/2016,42
16/03/2016,42
20/01/2018,42
21/05/2015,42
12/03/2016,42
13/07/2013,42
30/09/2013,42
31/10/2015,42
26/09/2016,42
12/10/2015,42
3/05/2016,42
21/11/2015,42
1/05/2014,42
17/03/2015,42
5/10/2014,42
7/09/2016,42
22/04/2016,42
27/03/2015,42
28/08/2014,42
6/07/2016,42
15/11/2015,42
2/03/2014,42
3/08/2013,42
24/12/2015,42
10/12/2014,42
24/03/2017,42
2/03/2015,42
23/03/2018,42
16/02/2017,42
9/08/2018,42
26/02/2014,42
12/10/2017,42
20/09/2014,42
20/10/2016,42
10/10/2016,42
25/11/2017,42
30/04/2018,42
27/02/2016,42
25/08/2014,42
23/09/2016,42
10/03/2015,42
28/07/2015,42
25/04/2016,42
22/06/2016,42
29/03/2015,42
22/12/2014,42
1/11/2015,42
17/02/2017,42
3/05/2018,42
24/04/2014,42
3/11/2013,42
7/05/2015,42
25/07/2016,42
24/03/2018,42
13/07/2015,42
20/02/2017,42
2/04/2015,42
22/03/2014,42
18/09/2013,42
25/11/2015,42
7/07/2015,42
26/11/2013,42
30/11/2013,42
5/07/2016,41
10/05/2017,41
29/10/2018,41
7/06/2017,41
23/12/2015,41
19/01/2016,41
21/02/2015,41
15/03/2014,41
20/03/2016,41
28/02/2015,41
22/02/2016,41
15/12/2013,41
15/01/2017,41
12/12/2018,41
1/04/2016,41
18/04/2017,41
2/12/2013,41
23/01/2015,41
16/02/2018,41
10/05/2016,41
24/09/2013,41
3/11/2014,41
17/10/2015,41
28/03/2017,41
11/01/2014,41
18/03/2017,41
24/10/2016,41
13/11/2016,41
23/09/2014,41
13/03/2015,41
26/03/2015,41
24/04/2018,41
8/07/2013,41
2/05/2017,41
27/10/2017,41
17/04/2016,41
26/09/2018,41
1/07/2013,41
21/02/2016,41
22/10/2013,41
8/03/2017,41
2/08/2014,41
28/02/2014,41
6/02/2016,41
3/03/2018,41
28/08/2013,41
15/03/2016,41
10/12/2016,41
11/12/2017,41
16/06/2016,41
25/06/2018,41
3/04/2016,41
16/08/2018,41
2/10/2013,41
19/12/2016,41
18/07/2013,41
21/11/2018,41
20/08/2013,41
5/10/2016,41
19/09/2016,41
25/01/2017,41
9/09/2015,41
24/01/2015,41
2/02/2018,40
17/02/2014,40
15/08/2016,40
13/11/2013,40
13/03/2017,40
31/08/2013,40
2/08/2013,40
7/07/2017,40
7/04/2014,40
15/10/2014,40
21/08/2016,40
19/07/2014,40
9/11/2013,40
28/02/2018,40
31/07/2017,40
1/10/2014,40
14/04/2014,40
22/05/2015,40
21/12/2015,40
17/10/2016,40
9/07/2013,40
24/06/2016,40
25/10/2017,40
8/12/2016,40
12/08/2015,40
22/10/2016,40
30/11/2014,40
10/07/2015,40
15/08/2013,40
12/05/2014,40
29/03/2018,40
25/03/2014,40
6/06/2015,40
19/10/2014,40
8/02/2015,40
14/02/2016,40
25/03/2016,40
7/08/2014,40
6/12/2013,40
26/10/2015,40
18/03/2015,40
22/03/2015,40
16/08/2013,40
7/05/2014,40
18/03/2014,40
26/10/2017,40
5/11/2016,40
26/05/2014,40
9/11/2017,40
6/12/2015,40
10/11/2016,40
29/10/2013,40
6/11/2015,40
17/07/2014,40
19/11/2015,40
13/06/2016,40
17/11/2018,40
19/01/2015,40
6/12/2016,40
20/07/2016,40
14/02/2017,40
4/02/2014,40
15/12/2017,40
28/11/2017,40
21/06/2017,40
16/08/2016,40
19/02/2015,40
14/02/2018,40
20/09/2015,40
20/11/2015,40
22/08/2016,40
23/10/2014,40
7/12/2013,40
2/12/2016,40
19/08/2016,40
15/05/2016,40
13/12/2016,40
3/04/2017,40
20/07/2013,40
13/02/2017,40
26/10/2018,40
1/04/2015,40
19/12/2014,40
26/08/2014,40
25/09/2015,40
9/11/2014,40
19/04/2015,39
27/10/2014,39
28/08/2015,39
6/02/2014,39
20/07/2018,39
27/09/2014,39
8/08/2014,39
22/08/2014,39
5/08/2014,39
1/04/2017,39
22/03/2018,39
17/02/2015,39
5/06/2015,39
5/04/2018,39
14/07/2017,39
18/08/2016,39
22/11/2013,39
23/11/2015,39
17/10/2017,39
26/03/2016,39
3/02/2014,39
29/05/2017,39
9/05/2018,39
31/10/2018,39
23/08/2013,39
25/02/2017,39
3/12/2016,39
17/03/2016,39
22/11/2014,39
27/07/2014,39
17/08/2015,39
24/12/2013,39
19/06/2014,39
2/10/2014,39
12/11/2018,39
21/05/2018,39
20/11/2017,39
21/10/2017,39
13/09/2015,39
21/10/2016,39
10/10/2017,39
24/07/2016,39
22/01/2017,39
10/08/2014,39
24/03/2014,39
20/01/2015,39
12/10/2014,39
5/03/2016,39
13/06/2015,39
26/05/2017,39
27/08/2013,39
17/03/2014,39
23/04/2014,39
1/11/2013,39
2/07/2015,39
8/04/2017,39
1/06/2015,39
12/10/2016,39
30/06/2014,39
22/01/2014,39
11/02/2017,39
9/03/2016,39
19/04/2014,39
22/02/2017,39
22/02/2014,39
8/12/2014,39
5/02/2017,39
13/05/2015,39
14/04/2016,39
8/12/2013,39
8/02/2014,39
19/06/2018,39
10/07/2014,39
30/07/2013,39
7/10/2014,39
1/10/2013,39
16/05/2014,39
26/05/2015,39
6/04/2018,39
8/09/2015,39
27/04/2018,39
18/06/2014,39
15/11/2014,39
11/12/2014,39
24/08/2014,39
2/09/2013,38
14/07/2016,38
18/07/2014,38
18/10/2013,38
31/07/2014,38
9/10/2018,38
12/04/2014,38
7/08/2015,38
14/09/2015,38
3/10/2013,38
30/11/2017,38
19/05/2016,38
8/02/2016,38
6/06/2016,38
7/07/2018,38
7/12/2018,38
15/03/2017,38
1/03/2015,38
1/11/2014,38
3/10/2017,38
5/10/2015,38
7/08/2017,38
12/12/2016,38
15/05/2015,38
2/05/2015,38
27/02/2014,38
5/10/2018,38
3/10/2016,38
2/10/2016,38
30/10/2017,38
4/01/2017,38
5/05/2014,38
25/01/2014,38
10/12/2013,38
26/04/2017,38
15/09/2014,38
28/04/2016,38
5/09/2015,38
10/06/2016,38
3/07/2013,38
23/09/2015,38
21/08/2015,38
24/06/2015,38
8/06/2018,38
4/05/2014,38
15/09/2015,38
29/11/2015,38
10/10/2018,38
20/10/2017,38
30/05/2015,38
15/02/2018,38
31/03/2016,38
3/02/2015,38
23/04/2018,38
27/05/2016,38
9/06/2016,38
29/02/2016,38
2/12/2014,38
19/10/2015,38
1/12/2014,38
27/05/2015,38
14/09/2014,38
14/08/2016,38
1/06/2014,38
21/08/2013,38
11/04/2016,38
18/11/2018,38
24/04/2017,38
1/07/2017,38
15/02/2017,38
3/05/2017,38
24/07/2014,38
7/10/2016,38
11/11/2013,38
14/12/2016,38
12/08/2016,38
17/01/2015,38
13/04/2017,38
12/09/2015,38
5/01/2016,38
25/07/2017,38
30/01/2015,38
12/07/2014,38
16/10/2017,38
26/09/2015,38
23/10/2015,38
17/10/2013,38
16/11/2014,38
28/11/2015,38
22/01/2018,38
16/08/2014,38
13/10/2018,38
2/09/2014,38
13/03/2016,38
15/10/2017,38
12/05/2016,38
11/10/2015,38
5/05/2018,38
14/10/2013,38
29/03/2016,38
8/12/2017,38
19/04/2018,38
14/08/2018,38
20/05/2016,38
16/07/2015,38
15/11/2016,37
4/09/2015,37
21/06/2015,37
27/10/2015,37
18/07/2016,37
9/11/2016,37
5/03/2018,37
2/07/2013,37
10/06/2014,37
8/08/2018,37
10/12/2018,37
10/05/2014,37
11/12/2018,37
29/07/2013,37
9/02/2015,37
19/03/2018,37
4/02/2018,37
25/09/2013,37
27/09/2017,37
8/10/2014,37
23/07/2016,37
2/07/2014,37
1/02/2015,37
4/04/2014,37
22/10/2018,37
19/07/2018,37
19/01/2014,37
22/04/2014,37
22/06/2014,37
30/10/2016,37
13/01/2018,37
29/08/2013,37
17/12/2017,37
19/11/2014,37
12/06/2014,37
24/05/2014,37
25/07/2018,37
9/09/2014,37
18/08/2014,37
12/09/2013,37
20/04/2015,37
18/09/2016,37
4/10/2015,37
9/06/2014,37
12/08/2014,37
7/06/2014,37
29/08/2018,37
23/03/2017,37
29/12/2015,37
14/01/2016,37
5/06/2018,37
15/01/2015,37
13/11/2017,37
28/11/2016,37
10/08/2015,37
16/12/2014,37
17/12/2016,37
18/04/2018,37
13/01/2016,37
29/05/2015,37
1/09/2014,37
25/04/2014,37
27/12/2014,37
8/10/2015,37
3/03/2017,37
31/05/2014,37
19/01/2017,37
16/01/2014,37
11/03/2014,37
7/11/2016,37
29/03/2017,37
13/08/2014,37
8/06/2016,37
30/03/2018,37
3/07/2015,37
27/05/2014,37
23/01/2016,37
12/03/2015,37
21/02/2014,37
16/10/2014,37
21/10/2015,37
26/06/2014,37
15/07/2016,37
10/02/2016,37
18/07/2015,37
20/06/2015,37
19/07/2015,37
5/12/2014,37
18/11/2015,37
21/12/2013,37
19/12/2015,37
4/07/2014,37
27/01/2017,37
23/10/2017,37
29/09/2016,37
3/02/2016,37
1/09/2017,37
18/08/2015,37
4/05/2018,37
13/04/2016,37
25/06/2016,37
30/01/2016,37
29/11/2014,37
12/11/2016,37
29/06/2014,37
4/04/2017,37
31/05/2017,37
6/08/2016,37
29/11/2013,37
7/02/2015,37
7/09/2013,37
16/03/2015,37
24/10/2015,36
21/02/2018,36
2/04/2016,36
4/04/2015,36
26/12/2016,36
17/11/2014,36
8/03/2015,36
1/05/2016,36
1/09/2013,36
6/09/2018,36
25/10/2013,36
4/09/2013,36
24/08/2013,36
14/09/2013,36
29/08/2014,36
20/06/2014,36
30/11/2018,36
3/04/2014,36
31/01/2014,36
17/08/2013,36
3/11/2016,36
11/12/2013,36
25/07/2013,36
6/02/2017,36
22/04/2015,36
23/08/2016,36
8/07/2016,36
17/01/2017,36
22/03/2017,36
27/07/2017,36
24/11/2014,36
11/04/2018,36
17/01/2016,36
14/05/2018,36
31/03/2017,36
17/09/2013,36
4/11/2014,36
10/01/2015,36
4/10/2016,36
19/11/2013,36
29/06/2017,36
8/11/2015,36
25/05/2014,36
1/06/2016,36
5/04/2016,36
11/04/2014,36
9/08/2016,36
16/08/2015,36
31/10/2016,36
22/08/2015,36
6/09/2014,36
5/07/2017,36
28/01/2017,36
29/10/2014,36
16/05/2018,36
2/08/2017,36
12/08/2013,36
2/10/2015,36
29/01/2015,36
16/10/2018,36
1/01/2016,36
7/12/2017,36
15/01/2016,36
1/12/2013,36
17/12/2013,36
9/06/2017,36
13/02/2016,36
1/04/2014,36
31/05/2018,36
23/05/2015,36
1/12/2016,36
12/07/2016,36
10/09/2014,36
30/03/2017,36
10/09/2015,36
28/01/2014,36
29/12/2017,36
11/10/2016,36
22/11/2017,36
4/02/2017,36
14/12/2018,36
8/06/2017,36
11/08/2018,36
10/04/2015,36
30/12/2015,36
12/07/2018,36
29/10/2016,36
2/06/2014,36
27/04/2016,36
24/05/2015,36
8/05/2016,36
28/11/2018,36
3/09/2014,36
23/12/2017,36
3/08/2017,36
4/04/2018,36
3/10/2015,36
13/10/2013,36
30/10/2014,36
13/06/2018,36
17/01/2018,35
9/12/2014,35
9/08/2014,35
31/07/2018,35
10/04/2018,35
16/11/2013,35
12/11/2015,35
27/03/2018,35
6/12/2017,35
27/01/2014,35
6/06/2017,35
19/11/2017,35
3/12/2014,35
27/01/2015,35
6/04/2014,35
10/01/2014,35
6/07/2017,35
13/04/2014,35
27/09/2018,35
1/06/2017,35
24/05/2017,35
15/12/2018,35
24/05/2018,35
20/03/2018,35
16/03/2014,35
9/03/2018,35
2/11/2016,35
7/03/2017,35
16/06/2017,35
12/01/2014,35
13/09/2014,35
24/02/2017,35
16/05/2017,35
31/10/2017,35
16/12/2013,35
24/10/2013,35
30/12/2013,35
2/02/2017,35
24/09/2016,35
5/08/2017,35
23/09/2013,35
6/06/2018,35
9/05/2014,35
27/07/2018,35
4/01/2014,35
29/08/2016,35
16/06/2014,35
20/02/2018,35
22/08/2013,35
1/05/2017,35
26/03/2017,35
6/08/2013,35
23/10/2013,35
2/01/2014,35
1/06/2018,35
10/10/2014,35
16/11/2018,35
18/04/2016,35
4/08/2016,35
6/10/2016,35
9/12/2017,35
19/01/2018,35
30/03/2016,35
20/12/2016,35
2/08/2016,35
13/03/2018,35
14/09/2017,35
20/04/2017,35
24/07/2017,35
6/07/2018,35
24/06/2014,35
13/08/2015,35
28/05/2014,35
10/03/2018,35
12/03/2014,35
16/01/2016,35
6/04/2017,35
23/04/2015,35
21/09/2013,35
12/05/2017,35
15/10/2016,35
14/12/2014,35
16/04/2016,35
5/12/2016,35
3/07/2017,35
31/08/2017,35
2/01/2015,35
11/01/2018,35
19/02/2018,35
2/08/2015,35
12/06/2018,35
5/07/2014,35
30/08/2013,35
25/08/2013,35
9/03/2014,35
30/05/2018,35
25/08/2017,34
6/07/2015,34
11/05/2015,34
5/11/2014,34
9/04/2018,34
18/10/2016,34
30/08/2015,34
15/06/2015,34
28/04/2018,34
27/07/2015,34
21/11/2013,34
3/11/2017,34
20/01/2017,34
25/01/2015,34
7/02/2018,34
1/08/2018,34
13/08/2017,34
10/08/2018,34
28/01/2016,34
14/09/2016,34
2/08/2018,34
16/03/2018,34
10/05/2018,34
2/11/2015,34
7/11/2013,34
13/08/2016,34
25/04/2017,34
10/08/2017,34
7/05/2017,34
19/08/2015,34
11/07/2017,34
11/06/2016,34
17/07/2013,34
28/10/2013,34
1/07/2018,34
21/01/2015,34
22/09/2015,34
21/02/2017,34
2/11/2018,34
16/01/2015,34
8/08/2015,34
12/02/2018,34
20/08/2015,34
6/12/2018,34
14/03/2018,34
6/09/2015,34
13/02/2018,34
14/08/2014,34
7/10/2015,34
26/03/2018,34
15/08/2015,34
6/08/2014,34
8/02/2018,34
6/10/2018,34
10/06/2015,34
18/07/2017,34
28/08/2017,34
9/09/2017,34
28/04/2014,34
31/07/2013,34
31/08/2014,34
7/11/2015,34
10/04/2017,34
19/02/2016,34
30/12/2016,34
22/05/2018,34
5/06/2016,34
21/12/2016,34
5/09/2016,34
4/11/2017,34
3/06/2017,34
18/08/2017,34
14/07/2015,34
10/09/2013,34
31/05/2015,34
26/04/2018,34
15/05/2017,34
2/05/2016,34
15/11/2013,34
4/11/2016,34
21/09/2014,34
8/07/2014,34
15/07/2013,34
18/12/2013,34
12/04/2015,34
22/07/2013,34
22/02/2018,34
11/09/2014,34
2/10/2018,34
20/11/2018,34
3/12/2015,34
3/01/2016,34
9/10/2017,33
3/06/2014,33
27/04/2015,33
17/11/2017,33
30/08/2017,33
13/09/2018,33
14/11/2018,33
7/05/2018,33
1/09/2018,33
14/10/2017,33
4/07/2016,33
22/05/2016,33
8/11/2014,33
26/02/2017,33
16/04/2014,33
18/02/2015,33
16/12/2017,33
7/03/2016,33
31/01/2017,33
17/05/2016,33
18/09/2015,33
13/04/2015,33
24/07/2018,33
1/10/2018,33
11/11/2015,33
28/09/2015,33
2/07/2016,33
1/11/2017,33
20/12/2015,33
4/03/2014,33
27/03/2016,33
9/01/2014,33
23/03/2016,33
12/12/2013,33
23/09/2017,33
24/01/2016,33
11/05/2014,33
11/01/2015,33
9/07/2016,33
26/07/2017,33
5/12/2018,33
21/11/2017,33
31/08/2018,33
22/07/2015,33
4/10/2017,33
9/02/2017,33
25/05/2018,33
22/11/2015,33
4/06/2018,33
28/12/2014,33
27/05/2017,33
25/09/2014,33
8/05/2017,33
11/07/2013,33
10/07/2018,33
16/08/2017,33
3/01/2017,33
26/08/2015,33
30/08/2018,33
24/03/2016,33
10/10/2015,33
23/02/2015,33
19/09/2015,33
5/06/2017,33
4/05/2015,33
24/11/2016,33
28/12/2015,33
3/01/2018,33
29/12/2014,33
14/03/2016,33
13/07/2018,33
5/09/2018,33
29/06/2016,33
21/01/2016,33
7/09/2014,33
28/09/2017,33
22/09/2017,33
30/05/2017,33
9/01/2016,33
21/08/2014,33
18/05/2018,33
30/04/2016,33
27/06/2016,33
14/01/2014,33
27/09/2013,33
6/11/2016,32
20/06/2016,32
15/09/2016,32
22/11/2018,32
23/11/2018,32
20/09/2016,32
22/04/2018,32
4/09/2016,32
26/08/2017,32
15/10/2013,32
29/05/2014,32
17/09/2017,32
12/04/2017,32
6/04/2015,32
18/11/2016,32
18/01/2015,32
30/07/2018,32
1/01/2014,32
20/09/2018,32
23/07/2013,32
2/11/2014,32
1/08/2015,32
26/06/2018,32
5/05/2015,32
28/08/2018,32
11/08/2014,32
12/09/2017,32
19/09/2013,32
11/07/2015,32
17/02/2018,32
28/07/2016,32
2/04/2018,32
11/05/2018,32
24/05/2016,32
29/12/2016,32
28/07/2017,32
26/01/2016,32
26/11/2018,32
25/11/2013,32
23/01/2018,32
27/12/2015,32
15/03/2018,32
21/05/2017,32
1/02/2018,32
14/01/2015,32
17/06/2014,32
12/11/2017,32
4/07/2013,32
29/09/2015,32
7/10/2018,32
14/01/2017,32
7/11/2018,32
30/01/2017,32
8/02/2019,32
12/02/2017,32
21/08/2018,32
10/11/2017,32
11/08/2017,32
4/12/2017,32
8/11/2017,32
24/07/2013,32
13/08/2013,32
15/08/2017,32
27/07/2013,32
13/01/2014,32
5/08/2015,32
11/01/2019,32
18/01/2017,32
1/12/2018,32
7/08/2018,31
2/10/2017,31
16/09/2015,31
27/10/2018,31
23/03/2014,31
28/09/2013,31
8/08/2016,31
5/10/2017,31
15/06/2017,31
11/06/2017,31
25/08/2018,31
31/03/2018,31
14/06/2014,31
9/11/2018,31
30/09/2014,31
6/12/2014,31
16/02/2014,31
9/01/2017,31
18/02/2017,31
19/09/2018,31
15/04/2018,31
8/01/2016,31
5/07/2013,31
23/12/2013,31
16/09/2014,31
15/07/2015,31
24/01/2018,31
10/08/2013,31
21/12/2018,31
4/09/2017,31
9/02/2014,31
24/12/2016,31
30/01/2018,31
22/04/2017,31
25/01/2016,31
14/07/2018,31
23/05/2018,31
3/09/2016,31
9/01/2018,31
14/08/2013,31
31/12/2015,31
11/08/2015,31
3/05/2014,31
25/02/2014,31
12/12/2017,31
29/07/2014,31
30/06/2018,31
12/10/2018,31
14/06/2016,31
20/12/2018,31
9/08/2017,31
1/03/2018,31
27/10/2016,31
12/12/2015,31
23/08/2017,31
22/09/2013,31
19/05/2017,31
6/09/2016,31
2/02/2014,31
11/11/2017,31
7/12/2016,31
23/01/2017,31
17/09/2016,31
26/07/2018,31
28/06/2017,31
26/04/2014,31
2/09/2016,31
1/05/2018,31
2/01/2016,31
19/10/2018,31
8/08/2017,31
19/12/2018,31
14/08/2015,31
24/11/2013,31
27/08/2018,31
26/01/2017,31
26/01/2018,31
16/09/2018,31
28/01/2018,31
2/02/2019,31
21/03/2018,31
25/03/2018,31
4/02/2015,31
11/03/2018,30
25/09/2017,30
13/05/2017,30
14/06/2015,30
21/04/2014,30
25/08/2015,30
20/07/2014,30
19/10/2017,30
10/12/2017,30
24/08/2017,30
2/02/2015,30
4/01/2015,30
16/07/2018,30
28/06/2016,30
22/06/2018,30
5/12/2017,30
29/09/2014,30
5/04/2017,30
10/09/2016,30
3/08/2014,30
16/07/2013,30
30/10/2013,30
10/01/2016,30
27/09/2015,30
31/01/2015,30
6/08/2017,30
13/06/2017,30
26/09/2014,30
12/03/2017,30
3/01/2015,30
8/06/2014,30
6/10/2014,30
6/10/2017,30
11/08/2016,30
19/03/2016,30
10/01/2017,30
8/04/2015,30
26/12/2014,30
2/09/2015,30
26/09/2013,30
24/02/2015,30
4/01/2018,30
15/09/2018,30
8/01/2017,30
6/02/2018,30
24/06/2017,30
18/12/2016,30
20/01/2014,30
30/06/2016,30
17/08/2018,30
2/06/2017,30
14/02/2019,30
27/04/2014,30
28/10/2015,30
24/01/2017,30
14/04/2018,30
21/09/2016,30
21/09/2018,30
3/02/2018,30
1/02/2019,30
2/07/2017,30
4/08/2017,30
22/02/2015,30
20/08/2014,30
12/06/2016,30
4/01/2016,30
14/04/2017,30
15/05/2018,30
26/01/2015,30
17/09/2018,30
7/01/2016,30
23/12/2016,30
27/07/2016,30
22/12/2017,30
7/10/2017,30
14/09/2018,30
15/04/2017,30
5/01/2018,30
3/09/2015,30
26/12/2013,30
4/06/2017,30
2/09/2018,30
12/01/2017,29
29/01/2018,29
10/07/2016,29
27/01/2018,29
21/12/2014,29
4/08/2014,29
9/07/2015,29
15/01/2014,29
12/05/2015,29
10/06/2017,29
19/09/2014,29
18/02/2018,29
4/07/2018,29
20/08/2017,29
13/01/2019,29
28/07/2018,29
31/12/2014,29
12/07/2017,29
26/05/2018,29
19/06/2017,29
26/04/2016,29
19/04/2017,29
16/10/2016,29
29/12/2013,29
15/11/2018,29
21/08/2017,29
11/03/2017,29
20/11/2013,29
22/08/2017,29
26/09/2017,29
28/04/2015,29
10/11/2013,29
29/01/2017,29
17/08/2017,29
31/08/2015,29
27/04/2017,29
11/09/2018,29
25/02/2019,29
5/03/2014,29
26/10/2013,29
23/08/2015,29
13/04/2018,29
28/06/2018,29
16/01/2018,29
26/06/2016,29
27/10/2013,29
11/10/2017,29
10/05/2015,29
25/01/2018,29
3/09/2018,29
28/06/2014,29
10/09/2017,29
24/02/2018,29
6/05/2017,29
8/01/2014,29
19/07/2017,29
30/06/2017,29
17/09/2014,29
11/09/2016,29
28/01/2019,29
12/01/2016,29
9/06/2015,29
14/06/2017,29
22/12/2018,29
11/10/2018,29
16/06/2018,29
28/09/2014,29
22/12/2013,29
6/07/2014,29
3/10/2014,29
2/07/2018,29
18/01/2018,29
21/09/2017,29
26/07/2015,29
9/08/2013,28
20/04/2014,28
23/10/2018,28
7/06/2015,28
19/03/2017,28
12/02/2019,28
27/06/2018,28
23/06/2015,28
18/12/2017,28
6/02/2019,28
1/02/2017,28
1/08/2017,28
21/10/2013,28
5/01/2015,28
4/10/2018,28
30/09/2016,28
11/11/2018,28
1/10/2017,28
27/09/2016,28
4/09/2018,28
17/05/2017,28
23/01/2019,28
22/10/2017,28
5/02/2018,28
24/12/2014,28
21/07/2013,28
17/03/2018,28
20/10/2018,28
18/05/2017,28
23/12/2018,28
21/02/2019,28
23/10/2016,28
11/01/2016,28
8/08/2013,28
18/06/2016,28
29/05/2018,28
13/12/2017,28
19/08/2014,28
14/01/2018,28
14/11/2017,28
26/06/2017,28
27/06/2017,28
28/05/2017,28
4/07/2017,28
2/11/2017,28
15/08/2018,28
28/12/2013,28
6/01/2017,28
18/01/2014,28
28/12/2017,28
14/08/2017,28
7/01/2014,28
26/07/2016,28
31/07/2016,28
5/07/2018,28
30/10/2018,28
30/08/2016,28
18/07/2018,28
24/12/2017,28
15/06/2014,28
21/01/2014,28
14/10/2018,27
18/01/2016,27
5/04/2015,27
23/08/2018,27
9/12/2016,27
30/01/2019,27
8/09/2013,27
12/08/2017,27
13/09/2013,27
4/08/2015,27
12/07/2013,27
19/09/2017,27
4/11/2018,27
10/02/2018,27
30/07/2014,27
28/10/2018,27
10/09/2018,27
8/04/2018,27
29/06/2018,27
1/07/2016,27
30/11/2016,27
21/07/2014,27
7/08/2016,27
18/10/2015,27
13/12/2018,27
4/11/2013,27
29/06/2015,27
3/08/2015,27
22/02/2019,27
18/09/2018,27
24/02/2014,27
13/10/2014,27
29/10/2017,27
16/01/2019,27
17/04/2017,27
3/04/2018,27
1/11/2016,27
31/01/2016,27
4/12/2018,27
2/06/2015,27
27/06/2015,27
27/12/2017,27
10/01/2018,27
16/11/2015,27
11/05/2017,27
28/08/2016,27
7/04/2018,27
8/09/2017,27
5/07/2015,27
24/10/2018,26
16/06/2015,26
1/01/2015,26
28/12/2016,26
18/10/2018,26
5/11/2017,26
12/08/2018,26
24/06/2018,26
24/12/2018,26
11/09/2017,26
25/11/2018,26
15/04/2014,26
9/07/2018,26
26/01/2019,26
4/01/2019,26
17/01/2019,26
17/09/2015,26
15/09/2013,26
25/12/2016,26
13/02/2014,26
8/09/2014,26
20/07/2017,26
9/06/2018,26
3/07/2016,26
25/12/2013,26
10/11/2015,26
7/01/2019,26
9/10/2016,26
7/11/2017,26
18/09/2017,26
15/01/2019,26
13/08/2018,26
10/06/2018,26
2/04/2017,26
9/02/2018,26
17/05/2014,26
11/02/2018,26
25/03/2017,26
29/04/2017,26
12/04/2018,26
29/08/2017,26
12/07/2015,26
26/08/2013,26
6/11/2018,26
12/06/2017,26
11/06/2018,26
7/09/2017,26
25/09/2018,26
18/04/2014,25
3/12/2018,25
18/08/2013,25
3/11/2018,25
4/08/2013,25
18/01/2019,25
7/09/2015,25
5/09/2017,25
26/12/2017,25
6/11/2017,25
10/03/2014,25
18/06/2018,25
13/07/2014,25
5/01/2014,25
2/05/2018,25
22/09/2018,25
6/01/2018,25
21/09/2015,25
5/01/2019,25
19/08/2017,25
23/04/2017,25
17/12/2018,25
15/07/2014,25
9/05/2017,25
23/05/2017,25
27/05/2018,25
24/09/2015,25
8/09/2018,25
8/07/2018,25
9/08/2015,25
27/02/2019,25
21/10/2018,25
7/02/2019,25
10/11/2018,25
15/07/2018,25
25/09/2016,25
19/05/2018,25
25/12/2017,25
21/01/2019,24
19/11/2018,24
6/05/2018,24
22/07/2018,24
12/01/2019,24
16/09/2017,24
11/07/2018,24
29/11/2018,24
27/11/2016,24
3/06/2018,24
28/06/2015,24
31/12/2016,24
18/08/2018,24
10/01/2019,24
27/12/2018,24
8/06/2015,24
15/01/2018,24
30/06/2015,24
7/06/2018,24
30/07/2017,24
21/12/2017,24
17/10/2018,24
15/09/2017,24
14/06/2018,24
29/07/2017,24
20/06/2018,24
23/07/2014,24
14/07/2014,24
1/03/2019,24
2/01/2018,24
5/11/2018,24
1/11/2018,24
18/12/2018,24
18/02/2019,24
25/06/2015,24
26/10/2016,23
24/10/2017,23
5/08/2013,23
1/07/2014,23
22/09/2016,23
12/09/2018,23
7/07/2014,23
6/09/2017,23
15/06/2018,23
7/10/2013,23
19/01/2019,23
9/02/2019,23
16/07/2017,23
7/09/2018,23
25/06/2017,23
20/08/2016,23
30/04/2017,23
12/05/2018,23
30/09/2018,23
25/12/2015,23
3/11/2015,23
26/02/2019,23
14/10/2014,23
29/07/2018,23
28/04/2017,23
6/08/2018,23
2/12/2018,23
21/04/2018,23
22/08/2018,23
21/01/2018,23
13/07/2017,23
11/08/2013,23
9/03/2015,23
8/10/2018,23
24/11/2018,22
16/04/2017,22
25/02/2018,22
20/08/2018,22
20/02/2019,22
3/09/2017,22
31/12/2013,22
17/06/2018,22
3/01/2014,22
25/05/2017,22
20/01/2019,22
27/11/2018,22
24/08/2015,22
3/08/2018,22
8/10/2017,22
16/01/2017,22
13/02/2019,22
15/07/2017,22
4/08/2018,22
22/07/2017,22
31/01/2019,22
9/09/2013,22
11/07/2016,22
2/01/2019,22
13/10/2017,22
9/07/2017,22
17/08/2014,22
2/06/2018,22
17/07/2017,22
17/04/2018,22
8/01/2018,22
2/09/2017,22
14/01/2019,21
29/09/2017,21
5/01/2017,21
29/05/2016,21
23/07/2017,21
7/07/2013,21
6/10/2013,21
19/08/2018,21
10/02/2019,21
30/12/2017,21
22/06/2017,21
7/03/2019,21
15/02/2019,21
28/10/2017,21
4/03/2018,21
21/01/2017,21
13/09/2017,21
6/01/2019,21
28/05/2018,21
30/12/2014,21
22/01/2019,21
31/01/2018,21
16/12/2018,21
26/04/2015,21
21/07/2018,20
3/07/2018,20
8/12/2018,20
26/08/2018,20
23/07/2018,20
12/03/2018,20
23/02/2019,20
25/07/2015,20
14/11/2016,20
31/12/2018,20
31/12/2017,20
25/01/2019,20
6/01/2014,20
8/11/2018,20
28/07/2013,20
19/06/2016,20
22/09/2014,20
30/12/2018,20
7/01/2018,20
16/09/2016,20
18/06/2017,20
9/01/2019,19
10/07/2017,19
16/02/2019,19
1/10/2016,19
13/09/2016,19
3/12/2017,19
19/02/2019,19
24/09/2017,19
23/06/2018,19
14/05/2017,19
9/12/2018,19
24/01/2019,19
1/01/2017,19
13/11/2018,19
24/09/2018,19
11/02/2019,19
29/04/2018,19
27/08/2017,18
28/02/2019,18
5/02/2019,18
30/09/2017,18
28/03/2016,18
4/03/2019,18
5/08/2018,18
8/07/2017,18
27/12/2013,18
14/03/2019,18
13/05/2018,18
2/01/2017,18
9/09/2018,18
29/12/2018,17
16/04/2018,17
1/01/2019,17
4/02/2019,17
1/04/2018,17
20/05/2018,17
18/03/2018,17
25/04/2018,17
7/01/2017,16
28/09/2018,16
26/11/2017,16
29/01/2019,16
2/03/2019,16
25/12/2018,16
24/02/2019,16
6/03/2019,16
14/07/2013,15
3/03/2019,15
8/01/2019,15
15/10/2018,15
25/12/2014,15
27/01/2019,14
17/02/2019,14
1/01/2018,14
29/09/2018,14
3/10/2018,13
3/02/2019,13
3/01/2019,13
12/03/2019,12
5/03/2019,12
26/12/2018,12
13/03/2019,11
8/03/2019,11
9/03/2019,11
28/12/2018,11
11/03/2019,11
23/09/2018,11
10/03/2019,9
16/03/2019,4
17/03/2019,4
15/03/2019,3
18/03/2019,2
20/03/2019,1
21/03/2019,1
19/03/2019,1
